Model,Accuracy,Precision,Recall,F1 Score,AUC-ROC,Train Time (s)
XGBoost,0.6634615384615384,0.6440677966101694,0.7307692307692307,0.6846846846846847,0.7518953402366864,0.10979032516479492
Random Forest,0.6538461538461539,0.6509433962264151,0.6634615384615384,0.6571428571428571,0.7361316568047338,0.28533244132995605
Logistic Regression,0.6442307692307693,0.6363636363636364,0.6730769230769231,0.6542056074766355,0.7082100591715976,0.04075360298156738
Gradient Boosting,0.6586538461538461,0.6434782608695652,0.7115384615384616,0.6757990867579908,0.7445913461538461,0.6115822792053223
Naive Bayes,0.5048076923076923,0.5024390243902439,0.9903846153846154,0.6666666666666666,0.7151442307692308,0.0015125274658203125
SVM (RBF Kernel),0.625,0.6140350877192983,0.6730769230769231,0.6422018348623854,0.6674371301775147,0.21718239784240723
